"key","value"
"headline","Rijnlands Lyceum Oegstgeest
Model United Nations"
"message_title","Dear MUN directors, advisors, delegates, student officers, admins, and guests,"
"message","**Dear MUN directors, advisors, delegates, student officers, admins, and guests,**

This second edition of RijnMUN has been a joyous success, with 120 delegates and over 60 student volunteers supporting the conference. We thank everyone who was present and made this event possible. Throughout the weekend, there were many fun and unforgettable highlights, captured in the photos made by our wonderful photography team.
On behalf of the RijnMUN Board of Directors, we hope to see you all again at RijnMUN 2026!

**Signing off,
The RijnMUN 2025 Secretariat**"
"btn1_text","What is MUN?"
"btn1_url","/rijnmun-2026/general-information"
"btn2_text","See the issues"
"btn2_url","/rijnmun-2026/committees-and-issues"
"btn3_text","Agenda"
"btn3_url","/rijnmun-2026/programme-of-events"